{
  "seen_ids": [
    "urn:oid:2.49.0.1.124.1319656375.2025",
    "urn:oid:2.49.0.1.124.0893608471.2025",
    "urn:oid:2.49.0.1.124.2079514713.2025",
    "urn:oid:2.49.0.1.124.2723467716.2025",
    "urn:oid:2.49.0.1.124.0940272629.2025",
    "urn:oid:2.49.0.1.124.2571539602.2025",
    "urn:oid:2.49.0.1.124.2579251128.2025",
    "urn:oid:2.49.0.1.124.3689369221.2025",
    "urn:oid:2.49.0.1.124.2369078989.2025",
    "urn:oid:2.49.0.1.124.0682652323.2025",
    "urn:oid:2.49.0.1.124.3987940044.2025",
    "urn:oid:2.49.0.1.124.3166586756.2025",
    "urn:oid:2.49.0.1.124.0280381490.2025",
    "urn:oid:2.49.0.1.124.4051189805.2025",
    "urn:oid:2.49.0.1.124.2606863955.2025",
    "urn:oid:2.49.0.1.124.2833049070.2025",
    "urn:oid:2.49.0.1.124.1004062166.2025",
    "urn:oid:2.49.0.1.124.0657231098.2025",
    "urn:oid:2.49.0.1.124.1081846484.2025",
    "urn:oid:2.49.0.1.124.1608323813.2025",
    "urn:oid:2.49.0.1.124.1670138474.2025",
    "urn:oid:2.49.0.1.124.1958637877.2025",
    "urn:oid:2.49.0.1.124.2714846076.2025",
    "urn:oid:2.49.0.1.124.2466046433.2025",
    "urn:oid:2.49.0.1.124.2688657982.2025",
    "urn:oid:2.49.0.1.124.1975950964.2025",
    "urn:oid:2.49.0.1.124.2379018086.2025",
    "urn:oid:2.49.0.1.124.1806767071.2025",
    "urn:oid:2.49.0.1.124.3528973814.2025",
    "urn:oid:2.49.0.1.124.3579652702.2025",
    "urn:oid:2.49.0.1.124.3235071809.2025",
    "urn:oid:2.49.0.1.124.1056908385.2025",
    "urn:oid:2.49.0.1.124.4105244731.2025"
  ],
  "cooldowns": {
    "freezing rain|uxbridge - beaverton - northern durham region": 1766894137.0,
    "rainfall|uxbridge - beaverton - northern durham region": 1766896912.0,
    "weather|watford - pinery park - eastern lambton county": 1766914548.0
  },
  "posted_guids": [],
  "daily_counts": {},
  "posted_tweets": {},
  "active_alerts": {}
}